UserID,Course,Module,Quiz Name,Topic Tested,Grade (%),Number of Question Tested,Number of Question Answered,Number of Correct Answer,Total Marks,Total Possible Marks,Time Used (min),Time Submitted,Question 1,Q1 Correct Answer,Q1 User Answer,Question 2,Q2 Correct Answer,Q2 User Answer,Question 3,Q3 Correct Answer,Q3 User Answer,Question 4,Q4 Correct Answer,Q4 User Answer,Question 5,Q5 Correct Answer,Q5 User Answer

UserID: clement , DISM,NETF,Socket Quiz,socket,100.00,5,5,5,10.00,10.00,1,Wed Jan 26 15:53:26 2022,socket-question-1 ,a),a),socket-question-2 ,b),b),socket-question-3 ,c),c),socket-question-4 ,d),d),socket-question-5 ,a),a)

UserID: clement , DISM,PSEC,Socket & List Quiz 1,list,0.00,3,1,0,0.00,6.00,1,Wed Jan 26 15:53:45 2022,list-question-1 ,a),Not Tested,list-question-2 ,b),a),list-question-3 ,c),Unanswered,list-question-4 ,d),Not Tested,list-question-5 ,a),Unanswered

UserID: clement , DISM,NETF,Socket Quiz,socket,40.00,5,5,2,4.00,10.00,1,Wed Jan 26 15:53:51 2022,socket-question-1 ,a),a),socket-question-2 ,b),a),socket-question-3 ,c),d),socket-question-4 ,d),a),socket-question-5 ,a),a)

UserID: clement , DISM,PSEC,Socket & List Quiz 1,list,33.33,3,3,1,2.00,6.00,1,Wed Jan 26 15:54:01 2022,list-question-1 ,a),Not Tested,list-question-2 ,b),Not Tested,list-question-3 ,c),d),list-question-4 ,d),a),list-question-5 ,a),a)

UserID: Leonard , DISM,NETF,Socket Quiz,socket,20.00,5,5,1,2.00,10.00,1,Wed Jan 26 15:54:39 2022,socket-question-1 ,a),c),socket-question-2 ,b),b),socket-question-3 ,c),a),socket-question-4 ,d),b),socket-question-5 ,a),c)

UserID: Leonard , DISM,PSEC,Socket & List Quiz 1,list,33.33,3,3,1,2.00,6.00,1,Wed Jan 26 15:54:51 2022,list-question-1 ,a),c),list-question-2 ,b),b),list-question-3 ,c),Not Tested,list-question-4 ,d),Not Tested,list-question-5 ,a),d)

UserID: johnT , DAAA,ACG,Quiz 1,list,33.33,3,3,1,2.00,6.00,1,Wed Jan 26 15:55:39 2022,list-question-1 ,a),a),list-question-2 ,b),a),list-question-3 ,c),Not Tested,list-question-4 ,d),Not Tested,list-question-5 ,a),c)

UserID: johnT , DAAA,ACG,Quiz 1,string,0.00,4,4,0,0.00,8.00,1,Wed Jan 26 15:55:44 2022,string-question-1 ,a),b),string-question-2 ,b),d),string-question-3 ,c),b),string-question-4 ,d),Not Tested,string-question-5 ,a),c)

UserID: johnL , DIT,PSEC,Socket & List Quiz 1,list,33.33,3,3,1,2.00,6.00,1,Wed Jan 26 15:56:12 2022,list-question-1 ,a),Not Tested,list-question-2 ,b),b),list-question-3 ,c),a),list-question-4 ,d),a),list-question-5 ,a),Not Tested

UserID: johnL , DIT,ACG,Quiz 1,socket,20.00,5,5,1,2.00,10.00,1,Wed Jan 26 15:56:17 2022,socket-question-1 ,a),a),socket-question-2 ,b),a),socket-question-3 ,c),d),socket-question-4 ,d),b),socket-question-5 ,a),c)

UserID: johnL , DIT,ACG,Quiz 1,string,25.00,4,4,1,2.00,8.00,1,Wed Jan 26 15:56:21 2022,string-question-1 ,a),b),string-question-2 ,b),b),string-question-3 ,c),d),string-question-4 ,d),b),string-question-5 ,a),Not Tested

UserID: johnL , DIT,PSEC,Socket & List Quiz 1,list,100.00,3,3,3,6.00,6.00,1,Wed Jan 26 16:39:41 2022,list-question-1 ,a),a),list-question-2 ,b),b),list-question-3 ,c),Not Tested,list-question-4 ,d),Not Tested,list-question-5 ,a),a)

UserID: Leonard , DISM,NETF,Socket Quiz,socket,20.00,5,1,1,2.00,10.00,1,Thu Jan 27 17:00:17 2022,socket-question-1 ,a),Unanswered,socket-question-2 ,b),Unanswered,socket-question-3 ,c),Unanswered,socket-question-4 ,d),Unanswered,socket-question-5 ,a),a)

UserID: johnL , DIT,ACG,Quiz 1,list,0.00,3,2,0,0.00,6.00,1,Thu Jan 27 21:39:15 2022,list-question-1 ,a),Unanswered,list-question-2 ,b),a),list-question-3 ,c),Not Tested,list-question-4 ,d),Not Tested,list-question-5 ,a),c)

UserID: johnT , DAAA,ACG,Quiz 1,list,33.33,3,2,1,2.00,6.00,1,Thu Jan 27 21:39:16 2022,list-question-1 ,a),Not Tested,list-question-2 ,b),Not Tested,list-question-3 ,c),c),list-question-4 ,d),Unanswered,list-question-5 ,a),d)

UserID: clement , DISM,PSEC,Socket & List Quiz 1,socket,0.00,5,2,0,0.00,10.00,3,Sat Jan 29 16:24:37 2022,socket-question-1 ,a),Unanswered,socket-question-2 ,b),Unanswered,socket-question-3 ,c),Unanswered,socket-question-4 ,d),a),socket-question-5 ,a),d)

UserID: Leonard , DISM,PSEC,Socket & List Quiz 1,socket,20.00,5,1,1,2.00,10.00,1,Tue Feb  1 12:44:07 2022,socket-question-1 ,a),Unanswered,socket-question-2 ,b),Unanswered,socket-question-3 ,c),Unanswered,socket-question-4 ,d),Unanswered,socket-question-5 ,a),a)

UserID: Leonard , DISM,PSEC,Socket & List Quiz 1,list,0.00,3,1,0,0.00,6.00,1,Tue Feb  1 12:44:29 2022,list-question-1 ,a),Unanswered,list-question-2 ,b),Unanswered,list-question-3 ,c),Not Tested,list-question-4 ,d),a),list-question-5 ,a),Not Tested

UserID: clement , DISM,NETF,Socket Quiz,socket,20.00,5,1,1,2.00,10.00,1,Tue Feb  1 12:45:21 2022,socket-question-1 ,a),Unanswered,socket-question-2 ,b),Unanswered,socket-question-3 ,c),Unanswered,socket-question-4 ,d),Unanswered,socket-question-5 ,a),a)

UserID: Leonard , DISM,PSEC,Socket & List Quiz 1,list,33.33,3,2,1,2.00,6.00,1,Tue Feb  1 12:45:24 2022,list-question-1 ,a),d),list-question-2 ,b),Unanswered,list-question-3 ,c),Not Tested,list-question-4 ,d),Not Tested,list-question-5 ,a),a)

